case_number,category_top1,index_top1,scores_top1,category_top2,index_top2,scores_top2,category_top3,index_top3,scores_top3,category_top4,index_top4,scores_top4,category_top5,index_top5,scores_top5
0,Irish water spaniel,221,0.07910408079624176,brown bear,294,0.031008385121822357,cock,7,0.02251989021897316,Sussex spaniel,220,0.01796104572713375,Gordon setter,214,0.013038581237196922
1,wild boar,342,0.0489581935107708,hog,341,0.03225164860486984,Irish wolfhound,170,0.023754814639687538,Bouvier des Flandres,233,0.018166182562708855,ram,348,0.01783081144094467
2,American Staffordshire terrier,180,0.14631333947181702,whippet,172,0.130854532122612,Staffordshire bullterrier,179,0.10395830124616623,Italian greyhound,171,0.04267174378037453,boxer,242,0.026038410142064095
3,gyromitra,993,0.1400972604751587,hen-of-the-woods,996,0.04108065739274025,earthstar,995,0.027416083961725235,English springer,217,0.024313338100910187,bolete,997,0.01095537468791008
4,African hunting dog,275,0.08400113880634308,earthstar,995,0.06006062775850296,ptarmigan,81,0.031207071617245674,conch,112,0.02479955181479454,hen,8,0.02397562749683857
