case_number,category_top1,index_top1,scores_top1,category_top2,index_top2,scores_top2,category_top3,index_top3,scores_top3,category_top4,index_top4,scores_top4,category_top5,index_top5,scores_top5
0,English springer,217,0.3130209743976593,cocker spaniel,219,0.04193763807415962,Blenheim spaniel,156,0.014412300661206245,Welsh springer spaniel,218,0.006703732535243034,Shih-Tzu,155,0.006569973658770323
1,English springer,217,0.25644323229789734,cocker spaniel,219,0.05745488405227661,clumber,216,0.01012967899441719,Sussex spaniel,220,0.009946207515895367,English setter,212,0.009144202806055546
2,English springer,217,0.4474169611930847,English setter,212,0.05349142849445343,cocker spaniel,219,0.031138477846980095,stinkhorn,994,0.011759654618799686,Brittany spaniel,215,0.010900774970650673
3,English springer,217,0.14674411714076996,Blenheim spaniel,156,0.03343384712934494,Welsh springer spaniel,218,0.03250258415937424,cocker spaniel,219,0.028180120512843132,Saint Bernard,247,0.017632251605391502
4,English springer,217,0.7157461047172546,cocker spaniel,219,0.018856273964047432,cock,7,0.013279545120894909,hen,8,0.0044298493303358555,Brittany spaniel,215,0.003959251567721367
