case_number,category_top1,index_top1,scores_top1,category_top2,index_top2,scores_top2,category_top3,index_top3,scores_top3,category_top4,index_top4,scores_top4,category_top5,index_top5,scores_top5
0,radio,754,0.13234582543373108,CD player,485,0.10693434625864029,tape player,848,0.08553013205528259,cassette player,482,0.07909474521875381,cassette,481,0.06813966482877731
1,tape player,848,0.21270258724689484,cassette player,482,0.13266423344612122,CD player,485,0.11831920593976974,radio,754,0.035073406994342804,cassette,481,0.016758909448981285
2,tape player,848,0.24711181223392487,CD player,485,0.1289159208536148,cassette player,482,0.09455268085002899,radio,754,0.054936863481998444,desktop computer,527,0.023913158103823662
3,tape player,848,0.2546297013759613,cassette player,482,0.17793205380439758,CD player,485,0.06781505048274994,cassette,481,0.023882389068603516,radio,754,0.016107426956295967
4,tape player,848,0.2513980567455292,cassette player,482,0.14337047934532166,CD player,485,0.0960940271615982,cassette,481,0.03813726454973221,radio,754,0.017947008833289146
