case_number,category_top1,index_top1,scores_top1,category_top2,index_top2,scores_top2,category_top3,index_top3,scores_top3,category_top4,index_top4,scores_top4,category_top5,index_top5,scores_top5
0,chain saw,491,0.8048446178436279,European fire salamander,25,0.0012808855390176177,bannister,421,0.0011907945154234767,little blue heron,131,0.0011805945541709661,stretcher,830,0.0009760060347616673
1,chain saw,491,0.4915632903575897,mountain bike,671,0.015521201305091381,moped,665,0.009034520015120506,crash helmet,518,0.006030759308487177,ballplayer,981,0.004609871655702591
2,chain saw,491,0.23412565886974335,mountain bike,671,0.015782123431563377,stretcher,830,0.0051841409876942635,unicycle,880,0.003781408304348588,backpack,414,0.003366395365446806
3,chain saw,491,0.6717121005058289,mountain bike,671,0.010849379934370518,crash helmet,518,0.009190602228045464,stretcher,830,0.006319238338619471,knee pad,615,0.0054202452301979065
4,chain saw,491,0.3673824071884155,screwdriver,784,0.015497859567403793,power drill,740,0.013512937352061272,cowboy boot,514,0.013123768381774426,hook,600,0.011474214494228363
