case_number,category_top1,index_top1,scores_top1,category_top2,index_top2,scores_top2,category_top3,index_top3,scores_top3,category_top4,index_top4,scores_top4,category_top5,index_top5,scores_top5
0,church,497,0.21153531968593597,bell cote,442,0.1924186646938324,monastery,663,0.059970416128635406,vault,884,0.010328340344130993,dome,538,0.006272131577134132
1,vault,884,0.1209665983915329,altar,406,0.08843107521533966,organ,687,0.0863502025604248,church,497,0.06002243235707283,monastery,663,0.007944406010210514
2,church,497,0.5150749087333679,bell cote,442,0.028049912303686142,monastery,663,0.023229211568832397,vault,884,0.002900647232308984,dome,538,0.0021416288800537586
3,church,497,0.5035932660102844,monastery,663,0.025427261367440224,bell cote,442,0.025040902197360992,vault,884,0.0017390924040228128,analog clock,409,0.0014018288347870111
4,vault,884,0.36287930607795715,altar,406,0.08988422155380249,organ,687,0.05553675815463066,church,497,0.046449847519397736,monastery,663,0.024794088676571846
