case_number,category_top1,index_top1,scores_top1,category_top2,index_top2,scores_top2,category_top3,index_top3,scores_top3,category_top4,index_top4,scores_top4,category_top5,index_top5,scores_top5
0,French horn,566,0.5465885996818542,cornet,513,0.0024455725215375423,electric guitar,546,0.0012312470935285091,bassoon,432,0.0010973777389153838,chain,488,0.001083405571989715
1,French horn,566,0.5063257217407227,cornet,513,0.005672807805240154,trombone,875,0.0016274943482130766,vault,884,0.001331563456915319,bassoon,432,0.0013267871690914035
2,French horn,566,0.5207129716873169,cornet,513,0.045717716217041016,trombone,875,0.0020212088711559772,bassoon,432,0.0013694678200408816,oboe,683,0.0012074492406100035
3,French horn,566,0.5615045428276062,cornet,513,0.004014407284557819,vault,884,0.001151126460172236,carpenter's kit,477,0.0010990406153723598,electric guitar,546,0.001032381784170866
4,French horn,566,0.3191053569316864,cornet,513,0.012263442389667034,eel,390,0.004700806923210621,turnstile,877,0.0025379464495927095,trombone,875,0.0023731067776679993
