case_number,category_top1,index_top1,scores_top1,category_top2,index_top2,scores_top2,category_top3,index_top3,scores_top3,category_top4,index_top4,scores_top4,category_top5,index_top5,scores_top5
0,garbage truck,569,0.5169990062713623,ambulance,407,0.006576049141585827,moving van,675,0.006436954718083143,trailer truck,867,0.005398907233029604,snowplow,803,0.004661653656512499
1,garbage truck,569,0.29261133074760437,snowplow,803,0.039141181856393814,trailer truck,867,0.010503413155674934,freight car,565,0.005136718042194843,missile,657,0.0033078028354793787
2,garbage truck,569,0.44866475462913513,trailer truck,867,0.014726787805557251,moving van,675,0.009971209801733494,snowplow,803,0.0048968070186674595,tow truck,864,0.004549255594611168
3,garbage truck,569,0.41984912753105164,crane,517,0.014228790067136288,trailer truck,867,0.011633452028036118,tow truck,864,0.008903796784579754,snowplow,803,0.007139262277632952
4,garbage truck,569,0.3294733166694641,snowplow,803,0.0411977581679821,trailer truck,867,0.02380681037902832,crane,517,0.01383531279861927,tow truck,864,0.005042960401624441
