case_number,category_top1,index_top1,scores_top1,category_top2,index_top2,scores_top2,category_top3,index_top3,scores_top3,category_top4,index_top4,scores_top4,category_top5,index_top5,scores_top5
0,gas pump,571,0.34718990325927734,cash machine,480,0.018172772601246834,vending machine,886,0.010300077497959137,pay-phone,707,0.003278006799519062,parking meter,704,0.003277871059253812
1,gas pump,571,0.32193025946617126,vending machine,886,0.009526432491838932,cash machine,480,0.008917153812944889,mailbox,637,0.005950824357569218,pay-phone,707,0.005835293792188168
2,gas pump,571,0.358326256275177,vending machine,886,0.01913624070584774,pay-phone,707,0.010162338614463806,cash machine,480,0.009545251727104187,stopwatch,826,0.009500093758106232
3,gas pump,571,0.19574010372161865,cash machine,480,0.170964777469635,parking meter,704,0.02358500473201275,vending machine,886,0.009747744537889957,ashcan,412,0.007379564456641674
4,gas pump,571,0.33874931931495667,pay-phone,707,0.006230797152966261,cash machine,480,0.00621392298489809,minibus,654,0.004956371616572142,oystercatcher,143,0.0039472514763474464
