case_number,category_top1,index_top1,scores_top1,category_top2,index_top2,scores_top2,category_top3,index_top3,scores_top3,category_top4,index_top4,scores_top4,category_top5,index_top5,scores_top5
0,golf ball,574,0.39226144552230835,vase,883,0.0013529803836718202,water jug,899,0.0013050214620307088,tennis ball,852,0.00128090288490057,soap dispenser,804,0.0012552968692034483
1,golf ball,574,0.4798310399055481,tennis ball,852,0.0021533523686230183,baseball,429,0.001605565776117146,nail,677,0.0014497555093839765,rapeseed,984,0.001409110613167286
2,golf ball,574,0.41119059920310974,saltshaker,773,0.0020095366053283215,thimble,855,0.0019773130770772696,ping-pong ball,722,0.0010992172174155712,tennis ball,852,0.001096894033253193
3,golf ball,574,0.45077309012413025,ping-pong ball,722,0.0018216336611658335,thimble,855,0.001495479722507298,goblet,572,0.0014845593832433224,tennis ball,852,0.001483321189880371
4,golf ball,574,0.41656988859176636,gibbon,368,0.0016685932641848922,thimble,855,0.0016633026534691453,leatherback turtle,34,0.0014318429166451097,tennis ball,852,0.001377034466713667
