case_number,category_top1,index_top1,scores_top1,category_top2,index_top2,scores_top2,category_top3,index_top3,scores_top3,category_top4,index_top4,scores_top4,category_top5,index_top5,scores_top5
0,parachute,701,0.5041146278381348,balloon,417,0.007098732516169548,quill,749,0.004341186955571175,red wine,966,0.0021309666335582733,airship,405,0.0017015986377373338
1,parachute,701,0.4873727858066559,balloon,417,0.0050392430275678635,sleeping bag,797,0.0019391359528526664,flagpole,557,0.0014030138263478875,airship,405,0.001296388916671276
2,parachute,701,0.10428053140640259,balloon,417,0.07743967324495316,flagpole,557,0.007937471382319927,sleeping bag,797,0.004128753207623959,mushroom,947,0.003933940082788467
3,parachute,701,0.5366028547286987,balloon,417,0.001546428189612925,kite,21,0.0010129741858690977,seashore,978,0.000916556513402611,ant,310,0.0009136294247582555
4,parachute,701,0.5174800157546997,balloon,417,0.0014852896565571427,toucan,96,0.0013996477937325835,steel arch bridge,821,0.0012221691431477666,fountain,562,0.0012130774557590485
