case_number,category_top1,index_top1,scores_top1,category_top2,index_top2,scores_top2,category_top3,index_top3,scores_top3,category_top4,index_top4,scores_top4,category_top5,index_top5,scores_top5
0,miniature schnauzer,196,0.10883243381977081,cocker spaniel,219,0.07994357496500015,Tibetan terrier,200,0.03831924498081207,toy poodle,265,0.031156089156866074,Shih-Tzu,155,0.027218971401453018
1,silky terrier,201,0.06294408440589905,llama,355,0.053870927542448044,English springer,217,0.0370449535548687,miniature schnauzer,196,0.03561769425868988,wool,911,0.02987043559551239
2,English springer,217,0.2329312264919281,cocker spaniel,219,0.07875995337963104,English setter,212,0.06411974132061005,Brittany spaniel,215,0.011413082480430603,silky terrier,201,0.009293702431023121
3,English springer,217,0.1580791473388672,llama,355,0.09985404461622238,English setter,212,0.02687692642211914,ram,348,0.02355843037366867,Border collie,232,0.015943493694067
4,English springer,217,0.3374508321285248,cocker spaniel,219,0.23359794914722443,Sussex spaniel,220,0.01153144147247076,clumber,216,0.00974316243082285,English setter,212,0.00800424162298441
