case_number,category_top1,index_top1,scores_top1,category_top2,index_top2,scores_top2,category_top3,index_top3,scores_top3,category_top4,index_top4,scores_top4,category_top5,index_top5,scores_top5
0,English springer,217,0.3027280867099762,cocker spaniel,219,0.1418301910161972,Sussex spaniel,220,0.007485985290259123,Tibetan terrier,200,0.006096462719142437,Blenheim spaniel,156,0.006087346933782101
1,English springer,217,0.20205630362033844,cocker spaniel,219,0.12844550609588623,standard poodle,267,0.12447004020214081,Sussex spaniel,220,0.010504511184990406,English setter,212,0.0075573087669909
2,English springer,217,0.22606854140758514,cocker spaniel,219,0.08770215511322021,Tibetan terrier,200,0.05260147526860237,English setter,212,0.04554779455065727,Shih-Tzu,155,0.026214033365249634
3,llama,355,0.19893240928649902,hen,8,0.03255189210176468,cock,7,0.01644558273255825,Brittany spaniel,215,0.014947716146707535,English setter,212,0.013531697914004326
4,English springer,217,0.127353698015213,spaghetti squash,940,0.03704283386468887,feather boa,552,0.03592842072248459,standard poodle,267,0.02365582436323166,cocker spaniel,219,0.019248751923441887
