case_number,category_top1,index_top1,scores_top1,category_top2,index_top2,scores_top2,category_top3,index_top3,scores_top3,category_top4,index_top4,scores_top4,category_top5,index_top5,scores_top5
0,tape player,848,0.16429884731769562,cassette player,482,0.13572150468826294,cassette,481,0.08516549319028854,CD player,485,0.04239093139767647,radio,754,0.014051422476768494
1,tape player,848,0.24701803922653198,cassette player,482,0.1482439637184143,CD player,485,0.08064794540405273,cassette,481,0.07423626631498337,radio,754,0.010394666343927383
2,tape player,848,0.2581670582294464,cassette player,482,0.13849134743213654,CD player,485,0.11815781146287918,radio,754,0.02800983563065529,cassette,481,0.02220030687749386
3,tape player,848,0.25053641200065613,cassette player,482,0.1480398029088974,CD player,485,0.12402527779340744,radio,754,0.03045547567307949,cassette,481,0.016509391367435455
4,tape player,848,0.22436219453811646,cassette player,482,0.1961842030286789,CD player,485,0.0569792240858078,cassette,481,0.03396385908126831,radio,754,0.00742417573928833
