case_number,category_top1,index_top1,scores_top1,category_top2,index_top2,scores_top2,category_top3,index_top3,scores_top3,category_top4,index_top4,scores_top4,category_top5,index_top5,scores_top5
0,chain saw,491,0.6293518543243408,sea cucumber,329,0.0024324734695255756,leatherback turtle,34,0.0012575456639751792,mountain bike,671,0.001191242248751223,American alligator,50,0.0010663241846486926
1,chain saw,491,0.25313928723335266,crane,517,0.01057695597410202,plow,730,0.004803366027772427,hook,600,0.004144339822232723,lumbermill,634,0.0032879940699785948
2,chain saw,491,0.5794122815132141,power drill,740,0.006439188029617071,cleaver,499,0.0030564989428967237,scabbard,777,0.0021452060900628567,lifeboat,625,0.0016682276036590338
3,chain saw,491,0.821452260017395,swing,843,0.004230180289596319,lawn mower,621,0.0036811477039009333,stretcher,830,0.0026490630116313696,snowmobile,802,0.001644318224862218
4,chain saw,491,0.3327266275882721,hay,958,0.006669966969639063,shovel,792,0.003999058622866869,power drill,740,0.00355648179538548,thresher,856,0.0032310565002262592
