case_number,category_top1,index_top1,scores_top1,category_top2,index_top2,scores_top2,category_top3,index_top3,scores_top3,category_top4,index_top4,scores_top4,category_top5,index_top5,scores_top5
0,church,497,0.5365760326385498,bell cote,442,0.03328705206513405,monastery,663,0.016618922352790833,vault,884,0.016497885808348656,altar,406,0.0037913217674940825
1,church,497,0.5517425537109375,bell cote,442,0.05038850009441376,monastery,663,0.014939053915441036,vault,884,0.007276350632309914,altar,406,0.0026155707892030478
2,church,497,0.42443108558654785,bell cote,442,0.1381859928369522,monastery,663,0.04190988466143608,vault,884,0.005425021052360535,tile roof,858,0.0024524673353880644
3,church,497,0.34284740686416626,bell cote,442,0.14366059005260468,monastery,663,0.05370620638132095,vault,884,0.006087263580411673,tile roof,858,0.0025913696736097336
4,church,497,0.3144318163394928,bell cote,442,0.0456920862197876,vault,884,0.03894419968128204,monastery,663,0.02450362965464592,altar,406,0.009265171363949776
