case_number,category_top1,index_top1,scores_top1,category_top2,index_top2,scores_top2,category_top3,index_top3,scores_top3,category_top4,index_top4,scores_top4,category_top5,index_top5,scores_top5
0,French horn,566,0.5225520730018616,electric guitar,546,0.0012856335379183292,eel,390,0.0011732096318155527,carpenter's kit,477,0.0011568722547963262,bassoon,432,0.0010566194541752338
1,French horn,566,0.403185099363327,trombone,875,0.01184281799942255,cornet,513,0.00788379367440939,bassoon,432,0.004213595297187567,sax,776,0.002137082861736417
2,French horn,566,0.5354840755462646,stage,819,0.0027644492220133543,cornet,513,0.0020915712229907513,bassoon,432,0.001838267082348466,trombone,875,0.0017955603543668985
3,French horn,566,0.5290181040763855,cornet,513,0.0015727916033938527,coil,506,0.0014413653407245874,eel,390,0.0014255025889724493,vine snake,59,0.0012342716800048947
4,French horn,566,0.6137853264808655,cornet,513,0.0014848648570477962,trombone,875,0.0012298650108277798,electric guitar,546,0.0012276835041120648,bassoon,432,0.0011131161591038108
