case_number,category_top1,index_top1,scores_top1,category_top2,index_top2,scores_top2,category_top3,index_top3,scores_top3,category_top4,index_top4,scores_top4,category_top5,index_top5,scores_top5
0,garbage truck,569,0.5111744403839111,snowplow,803,0.018294524401426315,freight car,565,0.007029922213405371,trailer truck,867,0.006152610294520855,moving van,675,0.005757567007094622
1,garbage truck,569,0.49645891785621643,snowplow,803,0.0027816197834908962,ashcan,412,0.001519431360065937,harvester,595,0.0014508641324937344,projectile,744,0.0013437040615826845
2,garbage truck,569,0.512100338935852,Polaroid camera,732,0.008489678613841534,trailer truck,867,0.004300099331885576,snowplow,803,0.0014607917983084917,ashcan,412,0.0014576537068933249
3,garbage truck,569,0.5755717754364014,crane,517,0.007162976078689098,snowplow,803,0.005446343217045069,harvester,595,0.005213408265262842,thresher,856,0.0025134149473160505
4,garbage truck,569,0.3927408456802368,snowplow,803,0.009590823203325272,tow truck,864,0.0049348450265824795,trailer truck,867,0.0032504363916814327,fire engine,555,0.0027698094490915537
