case_number,category_top1,index_top1,scores_top1,category_top2,index_top2,scores_top2,category_top3,index_top3,scores_top3,category_top4,index_top4,scores_top4,category_top5,index_top5,scores_top5
0,gas pump,571,0.5368549227714539,vending machine,886,0.0016759812133386731,letter opener,623,0.0014063010457903147,corkscrew,512,0.0013909706613048911,fireboat,554,0.0013554925099015236
1,gas pump,571,0.39954954385757446,vending machine,886,0.003362723859027028,cash machine,480,0.0024118644651025534,pay-phone,707,0.0022327702026814222,fireboat,554,0.0015425152378156781
2,gas pump,571,0.1664566993713379,pay-phone,707,0.003296872368082404,fireboat,554,0.0025116014294326305,ambulance,407,0.0021200107876211405,vacuum,882,0.002103217877447605
3,gas pump,571,0.43424686789512634,pay-phone,707,0.004250468220561743,mailbox,637,0.0023217706475406885,switch,844,0.0018878505798056722,scale,778,0.0017186837503686547
4,gas pump,571,0.25387993454933167,pay-phone,707,0.0025198275689035654,pickup,717,0.002141298959031701,combination lock,507,0.0020961747504770756,tow truck,864,0.0020456837955862284
