case_number,category_top1,index_top1,scores_top1,category_top2,index_top2,scores_top2,category_top3,index_top3,scores_top3,category_top4,index_top4,scores_top4,category_top5,index_top5,scores_top5
0,golf ball,574,0.42863428592681885,ping-pong ball,722,0.0014920838875696063,tennis ball,852,0.0012292928295210004,thimble,855,0.0010810443200170994,remote control,761,0.000999758718535304
1,golf ball,574,0.4574083387851715,tennis ball,852,0.0016083690570667386,thimble,855,0.0012703078100457788,goblet,572,0.0010684339795261621,baseball,429,0.0010594013147056103
2,golf ball,574,0.3872404992580414,thimble,855,0.0013804028276354074,saltshaker,773,0.001334291766397655,tennis ball,852,0.0012214118614792824,ping-pong ball,722,0.0011467194417491555
3,golf ball,574,0.3889857232570648,goblet,572,0.002866889350116253,ping-pong ball,722,0.0017249583033844829,tennis ball,852,0.0017071625916287303,thimble,855,0.001458235434256494
4,golf ball,574,0.40157845616340637,thimble,855,0.002723535755649209,ping-pong ball,722,0.0015455710235983133,gibbon,368,0.0014371260767802596,conch,112,0.0014158855192363262
