case_number,category_top1,index_top1,scores_top1,category_top2,index_top2,scores_top2,category_top3,index_top3,scores_top3,category_top4,index_top4,scores_top4,category_top5,index_top5,scores_top5
0,parachute,701,0.5014922618865967,coucal,91,0.0023797594476491213,nematode,111,0.002307266928255558,balloon,417,0.0017033093608915806,eft,27,0.0016255811788141727
1,parachute,701,0.36676082015037537,groenendael,224,0.0013584193075075746,butternut squash,942,0.0012979054590687156,flat-coated retriever,205,0.0012783794663846493,seashore,978,0.0012628594413399696
2,parachute,701,0.3867757022380829,balloon,417,0.09433131664991379,valley,979,0.006782624404877424,seashore,978,0.0029859389178454876,tennis ball,852,0.002704896032810211
3,parachute,701,0.48110127449035645,fireboat,554,0.0014172064838930964,jellyfish,107,0.001372756902128458,wing,908,0.0012591661652550101,quill,749,0.0011968266917392612
4,parachute,701,0.42212286591529846,ladybug,301,0.005504039581865072,Band Aid,419,0.00300575396977365,balloon,417,0.0020021339878439903,admiral,321,0.0016845476347953081
