case_number,category_top1,index_top1,scores_top1,category_top2,index_top2,scores_top2,category_top3,index_top3,scores_top3,category_top4,index_top4,scores_top4,category_top5,index_top5,scores_top5
0,standard poodle,267,0.1381860226392746,miniature poodle,266,0.05375652760267258,Bouvier des Flandres,233,0.029299743473529816,Irish water spaniel,221,0.02225136198103428,Airedale,191,0.01961648091673851
1,English springer,217,0.07883614301681519,Border collie,232,0.06859080493450165,Brittany spaniel,215,0.03416389599442482,collie,231,0.01915675587952137,Cardigan,264,0.01880604960024357
2,English springer,217,0.2177087962627411,Brittany spaniel,215,0.04108288511633873,cocker spaniel,219,0.03593622148036957,Border collie,232,0.020456120371818542,clumber,216,0.020019406452775
3,English springer,217,0.5576652884483337,cocker spaniel,219,0.0339423269033432,standard poodle,267,0.02031693048775196,Brittany spaniel,215,0.010207920335233212,clumber,216,0.010086223483085632
4,cocker spaniel,219,0.14121690392494202,English springer,217,0.13182252645492554,standard poodle,267,0.0427214540541172,Tibetan terrier,200,0.02500220574438572,Welsh springer spaniel,218,0.022228484973311424
