case_number,category_top1,index_top1,scores_top1,category_top2,index_top2,scores_top2,category_top3,index_top3,scores_top3,category_top4,index_top4,scores_top4,category_top5,index_top5,scores_top5
0,tape player,848,0.365014910697937,cassette player,482,0.18995583057403564,CD player,485,0.05182497948408127,cassette,481,0.02960127592086792,radio,754,0.008502463810145855
1,tape player,848,0.32802969217300415,cassette player,482,0.17980973422527313,CD player,485,0.04601575434207916,cash machine,480,0.02398190088570118,radio,754,0.013787779025733471
2,tape player,848,0.5501405596733093,cassette player,482,0.17847923934459686,CD player,485,0.02689298801124096,radio,754,0.010012638755142689,cassette,481,0.009157526306807995
3,tape player,848,0.2508499026298523,cassette player,482,0.20406979322433472,CD player,485,0.04917816445231438,cassette,481,0.02450065314769745,radio,754,0.019880108535289764
4,tape player,848,0.18136487901210785,cassette player,482,0.16522769629955292,CD player,485,0.1053251177072525,radio,754,0.035522643476724625,cassette,481,0.009045482613146305
