case_number,category_top1,index_top1,scores_top1,category_top2,index_top2,scores_top2,category_top3,index_top3,scores_top3,category_top4,index_top4,scores_top4,category_top5,index_top5,scores_top5
0,chain saw,491,0.11039423197507858,eft,27,0.0042478349059820175,European fire salamander,25,0.0032540890388190746,power drill,740,0.0027116709388792515,walking stick,313,0.002614349825307727
1,chain saw,491,0.15374045073986053,eft,27,0.003701669629663229,hen-of-the-woods,996,0.003245400730520487,cliff,972,0.0031435408163815737,slug,114,0.0028767988551408052
2,chain saw,491,0.676275372505188,lumbermill,634,0.0024481206201016903,rule,769,0.0023550319019705057,snowmobile,802,0.0022862537298351526,trailer truck,867,0.0010495560709387064
3,chain saw,491,0.7122810482978821,power drill,740,0.010174096561968327,stretcher,830,0.004756900016218424,snowmobile,802,0.003094395622611046,carpenter's kit,477,0.002333821728825569
4,power drill,740,0.0821877047419548,chain saw,491,0.03384434059262276,can opener,473,0.011017072945833206,screwdriver,784,0.010930993594229221,letter opener,623,0.009710483253002167
