case_number,category_top1,index_top1,scores_top1,category_top2,index_top2,scores_top2,category_top3,index_top3,scores_top3,category_top4,index_top4,scores_top4,category_top5,index_top5,scores_top5
0,church,497,0.4395694434642792,bell cote,442,0.10956785827875137,monastery,663,0.03773398697376251,vault,884,0.011140335351228714,dome,538,0.0026729130186140537
1,church,497,0.4426453411579132,bell cote,442,0.06435039639472961,monastery,663,0.019914591684937477,vault,884,0.01718265749514103,altar,406,0.0058904774487018585
2,church,497,0.37565112113952637,bell cote,442,0.07130209356546402,monastery,663,0.0358041413128376,vault,884,0.0057351612485945225,tile roof,858,0.0019448604434728622
3,church,497,0.447920560836792,bell cote,442,0.06920889765024185,monastery,663,0.05691065639257431,vault,884,0.013934195972979069,castle,483,0.0052566262893378735
4,church,497,0.3409174084663391,bell cote,442,0.061982788145542145,vault,884,0.03352098539471626,monastery,663,0.024807851761579514,altar,406,0.008018683642148972
