case_number,category_top1,index_top1,scores_top1,category_top2,index_top2,scores_top2,category_top3,index_top3,scores_top3,category_top4,index_top4,scores_top4,category_top5,index_top5,scores_top5
0,French horn,566,0.4734061360359192,coil,506,0.0014503173297271132,vault,884,0.0013711267383769155,carpenter's kit,477,0.0012934132246300578,mixing bowl,659,0.0012700280640274286
1,French horn,566,0.6015320420265198,cornet,513,0.0014539489056915045,electric guitar,546,0.0010865761432796717,bassoon,432,0.0010845169890671968,carpenter's kit,477,0.0009402214782312512
2,French horn,566,0.5727495551109314,coil,506,0.00396808423101902,cornet,513,0.0014619500143453479,bassoon,432,0.001307370257563889,hand blower,589,0.001146750058978796
3,French horn,566,0.5375446677207947,coil,506,0.014056531712412834,vine snake,59,0.002240556525066495,nematode,111,0.001956212567165494,electric fan,545,0.0018759127706289291
4,French horn,566,0.5309436321258545,coil,506,0.002864687703549862,nematode,111,0.0025216296780854464,bassoon,432,0.001678889850154519,hand blower,589,0.0016234706854447722
