case_number,category_top1,index_top1,scores_top1,category_top2,index_top2,scores_top2,category_top3,index_top3,scores_top3,category_top4,index_top4,scores_top4,category_top5,index_top5,scores_top5
0,garbage truck,569,0.5347974896430969,trailer truck,867,0.01927827298641205,snowplow,803,0.008595157414674759,thresher,856,0.008042736910283566,crane,517,0.006341641303151846
1,garbage truck,569,0.22090938687324524,tow truck,864,0.019554143771529198,trailer truck,867,0.016585974022746086,snowplow,803,0.014033788815140724,projectile,744,0.009194615297019482
2,garbage truck,569,0.4093838036060333,trailer truck,867,0.03768463432788849,moving van,675,0.01346107479184866,snowplow,803,0.0036373708862811327,tow truck,864,0.003166816895827651
3,garbage truck,569,0.36409440636634827,trailer truck,867,0.05771010369062424,tow truck,864,0.018639951944351196,snowplow,803,0.007220354862511158,fire engine,555,0.004693818744271994
4,garbage truck,569,0.32407131791114807,snowplow,803,0.08813070505857468,trailer truck,867,0.030414603650569916,tow truck,864,0.006442923564463854,moving van,675,0.004655227065086365
