case_number,category_top1,index_top1,scores_top1,category_top2,index_top2,scores_top2,category_top3,index_top3,scores_top3,category_top4,index_top4,scores_top4,category_top5,index_top5,scores_top5
0,gas pump,571,0.48797476291656494,vending machine,886,0.0043431054800748825,pay-phone,707,0.0015577611047774553,fireboat,554,0.0013293323572725058,fire engine,555,0.0010863253846764565
1,gas pump,571,0.4098253548145294,vending machine,886,0.012127206660807133,cash machine,480,0.008541243150830269,pay-phone,707,0.007466937880963087,mailbox,637,0.0021675624884665012
2,gas pump,571,0.5660046339035034,vending machine,886,0.01250026561319828,pay-phone,707,0.004577166400849819,cash machine,480,0.0031771152280271053,ashcan,412,0.002379551762714982
3,parking meter,704,0.08923808485269547,gas pump,571,0.06737425923347473,cash machine,480,0.05362410098314285,pay-phone,707,0.048690151423215866,vending machine,886,0.03251485526561737
4,gas pump,571,0.5577588677406311,vending machine,886,0.01457443367689848,cash machine,480,0.012068505398929119,pay-phone,707,0.007368380669504404,mailbox,637,0.0020647707860916853
