case_number,category_top1,index_top1,scores_top1,category_top2,index_top2,scores_top2,category_top3,index_top3,scores_top3,category_top4,index_top4,scores_top4,category_top5,index_top5,scores_top5
0,golf ball,574,0.5142229199409485,tennis ball,852,0.0015163356438279152,thimble,855,0.0010434739524498582,soccer ball,805,0.0010370671516284347,Maltese dog,153,0.0009929200168699026
1,golf ball,574,0.4081028401851654,baseball,429,0.0016195964999496937,tennis ball,852,0.0015781305264681578,ping-pong ball,722,0.001422986388206482,thimble,855,0.0013926554238423705
2,golf ball,574,0.4153813421726227,ping-pong ball,722,0.001792970928363502,kite,21,0.001609515747986734,parachute,701,0.001545818173326552,white stork,127,0.0014432173920795321
3,golf ball,574,0.5815695524215698,tennis ball,852,0.0016335536492988467,racket,752,0.0012743250699713826,thimble,855,0.0012069476069882512,police van,734,0.0011608849745243788
4,golf ball,574,0.39919063448905945,ping-pong ball,722,0.03940104693174362,soccer ball,805,0.012121761217713356,syringe,845,0.009846296161413193,volleyball,890,0.007234659977257252
