case_number,category_top1,index_top1,scores_top1,category_top2,index_top2,scores_top2,category_top3,index_top3,scores_top3,category_top4,index_top4,scores_top4,category_top5,index_top5,scores_top5
0,parachute,701,0.6141565442085266,quill,749,0.0024654355365782976,balloon,417,0.0023846623953431845,airship,405,0.0018255615141242743,velvet,885,0.0013054278679192066
1,parachute,701,0.49472883343696594,balloon,417,0.002455659443512559,bib,443,0.0014879731461405754,snowmobile,802,0.0013012259732931852,jersey,610,0.0011898279190063477
2,parachute,701,0.4310043454170227,balloon,417,0.01466278824955225,valley,979,0.006265112664550543,cliff,972,0.002025460358709097,lakeside,975,0.0019809205550700426
3,parachute,701,0.6414347290992737,airship,405,0.007550571113824844,balloon,417,0.007337877526879311,ear,998,0.005041694268584251,umbrella,879,0.004282479174435139
4,parachute,701,0.46216922998428345,balloon,417,0.00758695462718606,coil,506,0.002134698908776045,steel arch bridge,821,0.0013093831948935986,seashore,978,0.0012871538056060672
