case_number,category_top1,index_top1,scores_top1,category_top2,index_top2,scores_top2,category_top3,index_top3,scores_top3,category_top4,index_top4,scores_top4,category_top5,index_top5,scores_top5
0,English springer,217,0.04701821878552437,miniature poodle,266,0.045076966285705566,clumber,216,0.030949613079428673,Brittany spaniel,215,0.02780284360051155,cocker spaniel,219,0.02366928942501545
1,English springer,217,0.3072836697101593,Brittany spaniel,215,0.04359959065914154,Welsh springer spaniel,218,0.04055216163396835,cocker spaniel,219,0.010550832375884056,English setter,212,0.010091538541018963
2,Border collie,232,0.06766153872013092,borzoi,169,0.05154372379183769,English springer,217,0.04190594702959061,Cardigan,264,0.03740844875574112,Bernese mountain dog,239,0.032824620604515076
3,English springer,217,0.1490362584590912,Welsh springer spaniel,218,0.11003192514181137,cocker spaniel,219,0.031917136162519455,Irish setter,213,0.028978131711483,standard poodle,267,0.019736604765057564
4,English springer,217,0.07595156878232956,borzoi,169,0.07213613390922546,cocker spaniel,219,0.04514618217945099,standard poodle,267,0.03571876138448715,Tibetan terrier,200,0.022015120834112167
