case_number,category_top1,index_top1,scores_top1,category_top2,index_top2,scores_top2,category_top3,index_top3,scores_top3,category_top4,index_top4,scores_top4,category_top5,index_top5,scores_top5
0,tape player,848,0.2560104429721832,cassette player,482,0.14730297029018402,CD player,485,0.05896930396556854,cassette,481,0.05528319999575615,radio,754,0.026394229382276535
1,cassette player,482,0.10521318018436432,tape player,848,0.10498405247926712,cassette,481,0.07392015308141708,CD player,485,0.03101418726146221,dial telephone,528,0.02295619435608387
2,tape player,848,0.23974329233169556,cassette player,482,0.1807815134525299,CD player,485,0.07155010104179382,radio,754,0.026212692260742188,cassette,481,0.01470952294766903
3,tape player,848,0.2159964144229889,cassette player,482,0.18164418637752533,cassette,481,0.05112725496292114,radio,754,0.04320818558335304,CD player,485,0.04194997623562813
4,tape player,848,0.21723441779613495,cassette player,482,0.20497702062129974,CD player,485,0.07183980941772461,cassette,481,0.045051440596580505,radio,754,0.010478745214641094
