case_number,category_top1,index_top1,scores_top1,category_top2,index_top2,scores_top2,category_top3,index_top3,scores_top3,category_top4,index_top4,scores_top4,category_top5,index_top5,scores_top5
0,chain saw,491,0.5732444524765015,moped,665,0.0027525690384209156,mountain bike,671,0.0016274235676974058,power drill,740,0.001529181725345552,lawn mower,621,0.0013882871717214584
1,chain saw,491,0.1892840564250946,lawn mower,621,0.0564492903649807,moped,665,0.03458787128329277,tractor,866,0.010305286385118961,harvester,595,0.009300102479755878
2,chain saw,491,0.15874244272708893,canoe,472,0.022821711376309395,snowmobile,802,0.014390073716640472,paddle,693,0.0067016081884503365,screen,782,0.005024718586355448
3,chain saw,491,0.6511091589927673,mountain bike,671,0.0030558924190700054,ski mask,796,0.0018195583252236247,basketball,430,0.0014314923901110888,crane,517,0.0012840047711506486
4,chain saw,491,0.3319740295410156,crane,517,0.007841945625841618,stretcher,830,0.006931515876203775,plow,730,0.006708682049065828,power drill,740,0.0040137688629329205
