case_number,category_top1,index_top1,scores_top1,category_top2,index_top2,scores_top2,category_top3,index_top3,scores_top3,category_top4,index_top4,scores_top4,category_top5,index_top5,scores_top5
0,vault,884,0.35285046696662903,organ,687,0.05649900063872337,altar,406,0.05251000449061394,church,497,0.03589300811290741,monastery,663,0.02521437220275402
1,vault,884,0.16927972435951233,organ,687,0.11585669219493866,altar,406,0.056740712374448776,church,497,0.03724871575832367,monastery,663,0.010907619260251522
2,church,497,0.39128604531288147,bell cote,442,0.05389951542019844,monastery,663,0.02141623944044113,vault,884,0.007221730425953865,altar,406,0.003063839627429843
3,church,497,0.3320807218551636,monastery,663,0.03969358652830124,bell cote,442,0.015913793817162514,vault,884,0.009309547953307629,altar,406,0.00589069863781333
4,vault,884,0.4179829955101013,altar,406,0.10132475942373276,church,497,0.08497048169374466,organ,687,0.020151689648628235,monastery,663,0.01945110782980919
