case_number,category_top1,index_top1,scores_top1,category_top2,index_top2,scores_top2,category_top3,index_top3,scores_top3,category_top4,index_top4,scores_top4,category_top5,index_top5,scores_top5
0,French horn,566,0.6781185865402222,cornet,513,0.004909983836114407,trombone,875,0.002862624591216445,bassoon,432,0.0019348422065377235,oboe,683,0.001867287210188806
1,French horn,566,0.5322821736335754,cornet,513,0.002927998546510935,bassoon,432,0.0018098523141816258,trombone,875,0.0016004688804969192,oboe,683,0.0015536274295300245
2,French horn,566,0.5535798668861389,bassoon,432,0.0015898573910817504,oboe,683,0.0010520071955397725,jersey,610,0.0009980536997318268,vault,884,0.0009917333954945207
3,French horn,566,0.6030882596969604,bassoon,432,0.001543563324958086,paper towel,700,0.0014050519093871117,electric guitar,546,0.0011526183225214481,oboe,683,0.0010711107170209289
4,French horn,566,0.4250919818878174,cornet,513,0.007499717175960541,trombone,875,0.003999793436378241,bassoon,432,0.0030665709637105465,oboe,683,0.002022137865424156
