case_number,category_top1,index_top1,scores_top1,category_top2,index_top2,scores_top2,category_top3,index_top3,scores_top3,category_top4,index_top4,scores_top4,category_top5,index_top5,scores_top5
0,garbage truck,569,0.4821913242340088,snowplow,803,0.0040380097925662994,trailer truck,867,0.002574042184278369,forklift,561,0.0024754947517067194,ashcan,412,0.002454203786328435
1,garbage truck,569,0.4190461039543152,snowplow,803,0.00464262580499053,projectile,744,0.0034003935288637877,trailer truck,867,0.00268796575255692,missile,657,0.0026095949579030275
2,garbage truck,569,0.5263923406600952,trailer truck,867,0.005474783014506102,moving van,675,0.003235443728044629,snowplow,803,0.0023152814246714115,projectile,744,0.0021475800313055515
3,garbage truck,569,0.42269811034202576,trailer truck,867,0.0066369702108204365,snowplow,803,0.006546701304614544,harvester,595,0.0028119441121816635,crane,517,0.0025004642084240913
4,garbage truck,569,0.518775463104248,trailer truck,867,0.0037099439650774,tow truck,864,0.0021820515394210815,Polaroid camera,732,0.00181525235529989,snowplow,803,0.0015439513372257352
