case_number,category_top1,index_top1,scores_top1,category_top2,index_top2,scores_top2,category_top3,index_top3,scores_top3,category_top4,index_top4,scores_top4,category_top5,index_top5,scores_top5
0,gas pump,571,0.4128243923187256,vending machine,886,0.003868326311931014,fireboat,554,0.0018614941509440541,espresso maker,550,0.0012293211184442043,scale,778,0.0011789995478466153
1,gas pump,571,0.3617669641971588,vending machine,886,0.006133163347840309,cash machine,480,0.0034070690162479877,mailbox,637,0.0024541509337723255,fireboat,554,0.002010248601436615
2,gas pump,571,0.32246631383895874,vending machine,886,0.00256964354775846,ski,795,0.002376590622588992,tow truck,864,0.002029344206675887,ambulance,407,0.0019462002674117684
3,gas pump,571,0.4546826183795929,mailbox,637,0.0032414658926427364,pay-phone,707,0.0023757878225296736,fireboat,554,0.0015513290418311954,tow truck,864,0.001271003158763051
4,gas pump,571,0.7108294367790222,switch,844,0.0015130736865103245,tow truck,864,0.0012008799239993095,vending machine,886,0.0009027185733430088,stethoscope,823,0.0008742559002712369
