case_number,category_top1,index_top1,scores_top1,category_top2,index_top2,scores_top2,category_top3,index_top3,scores_top3,category_top4,index_top4,scores_top4,category_top5,index_top5,scores_top5
0,golf ball,574,0.3880591094493866,syringe,845,0.0072623989544808865,thimble,855,0.00431740703061223,matchstick,644,0.0028003437910228968,mouse,673,0.0026339138858020306
1,golf ball,574,0.48041126132011414,thimble,855,0.0012834267690777779,Siamese cat,284,0.0011497779050841928,black grouse,80,0.001133906771428883,ping-pong ball,722,0.0011144534219056368
2,golf ball,574,0.40845122933387756,ping-pong ball,722,0.0018753024050965905,parachute,701,0.0017802047077566385,thimble,855,0.0016907413955777884,kite,21,0.0014576712856069207
3,golf ball,574,0.49329447746276855,goblet,572,0.002815879648551345,maraca,641,0.0015137199079617858,thimble,855,0.001448654686100781,sea lion,150,0.0011198094580322504
4,golf ball,574,0.3602749705314636,honeycomb,599,0.013830064795911312,thimble,855,0.012415382079780102,strainer,828,0.00844617374241352,lemon,951,0.007128711324185133
