case_number,category_top1,index_top1,scores_top1,category_top2,index_top2,scores_top2,category_top3,index_top3,scores_top3,category_top4,index_top4,scores_top4,category_top5,index_top5,scores_top5
0,parachute,701,0.49518072605133057,ibex,350,0.002310273004695773,kite,21,0.0018753972835838795,bib,443,0.0015564806526526809,seashore,978,0.0015290214214473963
1,parachute,701,0.09358377754688263,rapeseed,984,0.07249025255441666,balloon,417,0.023927031084895134,coral reef,973,0.010780110955238342,seashore,978,0.009174412116408348
2,balloon,417,0.21979890763759613,parachute,701,0.14959551393985748,umbrella,879,0.006031819619238377,macaw,88,0.004914815537631512,orange,950,0.004248312208801508
3,parachute,701,0.5543662309646606,balloon,417,0.022472526878118515,airship,405,0.0030173698905855417,seashore,978,0.0018035487737506628,syringe,845,0.0015426650643348694
4,parachute,701,0.38350412249565125,balloon,417,0.005886177532374859,seashore,978,0.0030639187898486853,anemone fish,393,0.0026283650659024715,toucan,96,0.002544928574934602
