method,seed,acc_forget,acc_retain,acc_test,MIA
FT,1,99.98,99.98,94.36,
GA,1,100.0,100.0,94.98,56.60999999999999
IU,1,9.159999996185302,10.105,10.0,50.14000000000001
BE,1,31.019999978637696,32.875,27.88,53.279999999999994
l1sparse,1,84.29999989013672,87.085,84.05,50.129999999999995
SalUn,1,98.01999989013672,99.92,94.21,51.370000000000005
MUNBa,1,92.8799999633789,96.14,89.43,51.12000000000001
MUKSB,1,95.39999986572266,98.1825,91.85,52.33
