case_number,category_top1,index_top1,scores_top1,category_top2,index_top2,scores_top2,category_top3,index_top3,scores_top3,category_top4,index_top4,scores_top4,category_top5,index_top5,scores_top5
0,English springer,217,0.15946915745735168,English setter,212,0.0705074593424797,miniature schnauzer,196,0.031029822304844856,borzoi,169,0.025386879220604897,wire-haired fox terrier,188,0.024691520258784294
1,borzoi,169,0.09523311257362366,Border collie,232,0.09213670343160629,English springer,217,0.052393849939107895,collie,231,0.029234176501631737,Brittany spaniel,215,0.019130444154143333
2,borzoi,169,0.1268831193447113,Welsh springer spaniel,218,0.07676883041858673,Brittany spaniel,215,0.040320273488759995,English springer,217,0.03694525733590126,Saint Bernard,247,0.01332337036728859
3,English springer,217,0.287840873003006,standard poodle,267,0.07936804741621017,Brittany spaniel,215,0.02792281098663807,EntleBucher,241,0.02000265195965767,Welsh springer spaniel,218,0.01741018146276474
4,borzoi,169,0.2467573881149292,English springer,217,0.051430635154247284,Border collie,232,0.015239564701914787,standard poodle,267,0.013741440139710903,Saluki,176,0.013485160656273365
