case_number,category_top1,index_top1,scores_top1,category_top2,index_top2,scores_top2,category_top3,index_top3,scores_top3,category_top4,index_top4,scores_top4,category_top5,index_top5,scores_top5
0,English springer,217,0.1422577053308487,cocker spaniel,219,0.061633847653865814,Welsh springer spaniel,218,0.05568549409508705,Blenheim spaniel,156,0.04581179842352867,borzoi,169,0.013063283637166023
1,English springer,217,0.16075579822063446,standard poodle,267,0.04710439592599869,cocker spaniel,219,0.04511389508843422,miniature poodle,266,0.030114373192191124,English setter,212,0.016304388642311096
2,borzoi,169,0.31102779507637024,English setter,212,0.07120607048273087,English springer,217,0.03563805669546127,Border collie,232,0.016985919326543808,standard poodle,267,0.01428833045065403
3,Welsh springer spaniel,218,0.13481026887893677,clumber,216,0.11462277173995972,Sussex spaniel,220,0.028675368055701256,cocker spaniel,219,0.027833936735987663,English springer,217,0.025304270908236504
4,llama,355,0.35087156295776367,English springer,217,0.030053507536649704,borzoi,169,0.019518185406923294,ox,345,0.016204126179218292,Saint Bernard,247,0.01423082035034895
