case_number,category_top1,index_top1,scores_top1,category_top2,index_top2,scores_top2,category_top3,index_top3,scores_top3,category_top4,index_top4,scores_top4,category_top5,index_top5,scores_top5
0,cassette player,482,0.157732754945755,tape player,848,0.14855805039405823,CD player,485,0.07232256233692169,cassette,481,0.05067995935678482,radio,754,0.030114535242319107
1,tape player,848,0.33655163645744324,cassette player,482,0.19772674143314362,CD player,485,0.06807901710271835,entertainment center,548,0.03461494669318199,radio,754,0.01850399374961853
2,tape player,848,0.17760233581066132,CD player,485,0.1416182667016983,radio,754,0.10682427883148193,cassette player,482,0.09937465190887451,cassette,481,0.014824314042925835
3,CD player,485,0.21720130741596222,cassette player,482,0.1086546778678894,tape player,848,0.10550116002559662,radio,754,0.06790635734796524,cassette,481,0.012186075560748577
4,tape player,848,0.30035921931266785,cassette player,482,0.1733318269252777,CD player,485,0.05628092959523201,cassette,481,0.039765242487192154,radio,754,0.016333071514964104
