case_number,category_top1,index_top1,scores_top1,category_top2,index_top2,scores_top2,category_top3,index_top3,scores_top3,category_top4,index_top4,scores_top4,category_top5,index_top5,scores_top5
0,chain saw,491,0.48408693075180054,spotted salamander,28,0.0036050458438694477,lumbermill,634,0.002713741734623909,lawn mower,621,0.002182822674512863,harvester,595,0.0021296339109539986
1,chain saw,491,0.38161033391952515,crane,517,0.009221560321748257,harvester,595,0.0077642472460865974,plow,730,0.005622236989438534,lawn mower,621,0.005297066178172827
2,chain saw,491,0.49573421478271484,power drill,740,0.003172164550051093,lawn mower,621,0.0031387677881866693,vacuum,882,0.0015243018278852105,harvester,595,0.0014116644160822034
3,chain saw,491,0.6053355932235718,power drill,740,0.010301184840500355,suspension bridge,839,0.003300051437690854,mountain bike,671,0.0021845304872840643,lawn mower,621,0.0021181153133511543
4,chain saw,491,0.43109869956970215,power drill,740,0.004464078228920698,lumbermill,634,0.0016329175559803843,balance beam,416,0.0016313361702486873,carpenter's kit,477,0.0015902487793937325
