case_number,category_top1,index_top1,scores_top1,category_top2,index_top2,scores_top2,category_top3,index_top3,scores_top3,category_top4,index_top4,scores_top4,category_top5,index_top5,scores_top5
0,church,497,0.27637583017349243,monastery,663,0.08739898353815079,bell cote,442,0.056952036917209625,castle,483,0.02493601106107235,palace,698,0.007631648797541857
1,church,497,0.3565146327018738,bell cote,442,0.105373814702034,monastery,663,0.019945373758673668,vault,884,0.008922155015170574,tile roof,858,0.0076990253292024136
2,church,497,0.4099116027355194,monastery,663,0.09111331403255463,bell cote,442,0.0683387964963913,vault,884,0.005363541189581156,tile roof,858,0.0018791637849062681
3,church,497,0.31845858693122864,bell cote,442,0.17809362709522247,monastery,663,0.04206506162881851,vault,884,0.004158024676144123,barn,425,0.0028806300833821297
4,church,497,0.3498407304286957,bell cote,442,0.04333246499300003,monastery,663,0.03141413629055023,vault,884,0.02754352241754532,altar,406,0.008167754858732224
