case_number,category_top1,index_top1,scores_top1,category_top2,index_top2,scores_top2,category_top3,index_top3,scores_top3,category_top4,index_top4,scores_top4,category_top5,index_top5,scores_top5
0,French horn,566,0.4768807888031006,coil,506,0.00869304221123457,mixing bowl,659,0.0026767379604279995,chain,488,0.002379052573814988,knot,616,0.0019406098872423172
1,French horn,566,0.7497704029083252,cornet,513,0.005155779886990786,trombone,875,0.004423936363309622,sax,776,0.0012667375849559903,coil,506,0.001253442489542067
2,French horn,566,0.3214432895183563,cornet,513,0.10410065948963165,coil,506,0.004634299781173468,torch,862,0.0026869080029428005,table lamp,846,0.0019252910278737545
3,French horn,566,0.4271077811717987,coil,506,0.004331429488956928,nematode,111,0.0018394499784335494,paper towel,700,0.0017831961158663034,hand blower,589,0.0017538390820845962
4,French horn,566,0.48075777292251587,chain,488,0.004319458734244108,coil,506,0.003034232882782817,eel,390,0.0027827282901853323,hook,600,0.002192658605054021
