case_number,category_top1,index_top1,scores_top1,category_top2,index_top2,scores_top2,category_top3,index_top3,scores_top3,category_top4,index_top4,scores_top4,category_top5,index_top5,scores_top5
0,garbage truck,569,0.5307915806770325,forklift,561,0.008752625435590744,trailer truck,867,0.008616399019956589,moving van,675,0.006618674844503403,snowplow,803,0.006373308598995209
1,garbage truck,569,0.24900636076927185,trailer truck,867,0.05864046514034271,freight car,565,0.012585730291903019,barrel,427,0.0033366696443408728,snowplow,803,0.0032769106328487396
2,garbage truck,569,0.548826277256012,trailer truck,867,0.025690719485282898,moving van,675,0.010061456821858883,snowplow,803,0.0028969421982765198,Polaroid camera,732,0.0028120637871325016
3,garbage truck,569,0.38817083835601807,trailer truck,867,0.020739158615469933,snowplow,803,0.004916471429169178,Polaroid camera,732,0.0025980775244534016,moving van,675,0.00245302589610219
4,garbage truck,569,0.3058633506298065,trailer truck,867,0.09975875169038773,tow truck,864,0.025968628004193306,snowplow,803,0.010658245533704758,moving van,675,0.009797385893762112
