case_number,category_top1,index_top1,scores_top1,category_top2,index_top2,scores_top2,category_top3,index_top3,scores_top3,category_top4,index_top4,scores_top4,category_top5,index_top5,scores_top5
0,gas pump,571,0.5407873392105103,pay-phone,707,0.003680233843624592,vending machine,886,0.0028328432235866785,espresso maker,550,0.0027088019996881485,dial telephone,528,0.0021702605299651623
1,gas pump,571,0.49255698919296265,vending machine,886,0.021691028028726578,cash machine,480,0.006640885025262833,mailbox,637,0.005177478305995464,parking meter,704,0.0042784810066223145
2,gas pump,571,0.29872432351112366,odometer,685,0.002561982022598386,fireboat,554,0.0021244632080197334,refrigerator,760,0.0019728350453078747,stopwatch,826,0.0018382383277639747
3,gas pump,571,0.4394266903400421,vending machine,886,0.006110276561230421,cash machine,480,0.004559159278869629,mailbox,637,0.0025295251980423927,pay-phone,707,0.002211255021393299
4,gas pump,571,0.23342683911323547,cash machine,480,0.007662525866180658,mailbox,637,0.003757137106731534,vending machine,886,0.0037552565336227417,tow truck,864,0.0025004977360367775
