case_number,category_top1,index_top1,scores_top1,category_top2,index_top2,scores_top2,category_top3,index_top3,scores_top3,category_top4,index_top4,scores_top4,category_top5,index_top5,scores_top5
0,golf ball,574,0.6247762441635132,custard apple,956,0.0011114486260339618,thimble,855,0.0007131956517696381,remote control,761,0.0006949611124582589,goblet,572,0.0006793614593334496
1,golf ball,574,0.40041324496269226,tennis ball,852,0.0015723429387435317,soccer ball,805,0.0015387301100417972,thimble,855,0.001356997061520815,lens cap,622,0.0011772160651162267
2,golf ball,574,0.49567240476608276,African grey,87,0.0014364513335749507,saltshaker,773,0.0012714734766632318,thimble,855,0.0012308286968618631,Maltese dog,153,0.001054902677424252
3,golf ball,574,0.44652876257896423,ping-pong ball,722,0.0018999407766386867,thimble,855,0.0012962997425347567,tennis ball,852,0.0011150609934702516,baseball,429,0.001010781154036522
4,golf ball,574,0.7395647764205933,thimble,855,0.008140613324940205,cup,968,0.0020483259577304125,honeycomb,599,0.001847121282480657,sidewinder,68,0.0007742563611827791
