case_number,category_top1,index_top1,scores_top1,category_top2,index_top2,scores_top2,category_top3,index_top3,scores_top3,category_top4,index_top4,scores_top4,category_top5,index_top5,scores_top5
0,parachute,701,0.5266330242156982,seashore,978,0.004595595877617598,balloon,417,0.0017095216317102313,lakeside,975,0.0015720033552497625,coral reef,973,0.001450512558221817
1,parachute,701,0.470475971698761,spider web,815,0.002859665546566248,balloon,417,0.00208265520632267,pinwheel,723,0.0017581742722541094,ladybug,301,0.0015948107466101646
2,parachute,701,0.43987181782722473,balloon,417,0.007229430601000786,flagpole,557,0.004198082722723484,sleeping bag,797,0.0034519776236265898,pillow,721,0.003348738420754671
3,parachute,701,0.5152960419654846,fireboat,554,0.002731522312387824,wing,908,0.0018832114292308688,baseball,429,0.0011376508045941591,seashore,978,0.0010742614977061749
4,parachute,701,0.477335125207901,seashore,978,0.0013415049761533737,steel arch bridge,821,0.0013400522293522954,balloon,417,0.0012104619527235627,Irish wolfhound,170,0.0009494217811152339
