case_number,category_top1,index_top1,scores_top1,category_top2,index_top2,scores_top2,category_top3,index_top3,scores_top3,category_top4,index_top4,scores_top4,category_top5,index_top5,scores_top5
0,Rottweiler,234,0.09203282743692398,Bernese mountain dog,239,0.07685510069131851,Staffordshire bullterrier,179,0.04633749648928642,soccer ball,805,0.03982255607843399,Greater Swiss Mountain dog,238,0.034166961908340454
1,Dutch oven,544,0.11980213969945908,ashcan,412,0.11264097690582275,giant schnauzer,197,0.06623491644859314,Bouvier des Flandres,233,0.015053131617605686,kelpie,227,0.00967187900096178
2,whippet,172,0.09088823944330215,borzoi,169,0.07369369268417358,Italian greyhound,171,0.02956255152821541,dalmatian,251,0.025038134306669235,pug,254,0.024461455643177032
3,apiary,410,0.1737109273672104,shield,787,0.04402806609869003,ashcan,412,0.019942745566368103,ski mask,796,0.01592811569571495,knee pad,615,0.012524356134235859
4,brassiere,459,0.05402924492955208,plastic bag,728,0.05130729451775551,parachute,701,0.05003149062395096,paper towel,700,0.02652442641556263,toilet tissue,999,0.025663314387202263
