case_number,category_top1,index_top1,scores_top1,category_top2,index_top2,scores_top2,category_top3,index_top3,scores_top3,category_top4,index_top4,scores_top4,category_top5,index_top5,scores_top5
0,cocker spaniel,219,0.23138077557086945,English springer,217,0.0863162949681282,Sussex spaniel,220,0.012377873063087463,Tibetan terrier,200,0.008778531104326248,Great Dane,246,0.007281921803951263
1,cocker spaniel,219,0.24279145896434784,English springer,217,0.13025164604187012,Sussex spaniel,220,0.044139355421066284,Japanese spaniel,152,0.025315118953585625,Shih-Tzu,155,0.02222726307809353
2,English springer,217,0.24306410551071167,cocker spaniel,219,0.0462818406522274,English setter,212,0.03889750689268112,Great Dane,246,0.034320298582315445,standard poodle,267,0.028758829459547997
3,English springer,217,0.21282972395420074,cocker spaniel,219,0.11145728081464767,Shih-Tzu,155,0.022822482511401176,borzoi,169,0.016358351334929466,Blenheim spaniel,156,0.011833560653030872
4,English springer,217,0.3988386392593384,cocker spaniel,219,0.055333033204078674,Great Dane,246,0.00703444704413414,standard poodle,267,0.005566160194575787,Sussex spaniel,220,0.0050146752037107944
