case_number,category_top1,index_top1,scores_top1,category_top2,index_top2,scores_top2,category_top3,index_top3,scores_top3,category_top4,index_top4,scores_top4,category_top5,index_top5,scores_top5
0,cassette,481,0.21525496244430542,tape player,848,0.1561557650566101,cassette player,482,0.10755094140768051,CD player,485,0.044038720428943634,radio,754,0.011024106293916702
1,cassette,481,0.2853948473930359,tape player,848,0.17550979554653168,cassette player,482,0.09746615588665009,hard disc,592,0.04154128208756447,CD player,485,0.013286343775689602
2,tape player,848,0.30112311244010925,cassette player,482,0.16410773992538452,CD player,485,0.07882585376501083,cassette,481,0.03312830999493599,radio,754,0.024906160309910774
3,tape player,848,0.27228084206581116,cassette player,482,0.1709955334663391,cassette,481,0.07716499269008636,CD player,485,0.025222381576895714,radio,754,0.013232839293777943
4,tape player,848,0.1680113822221756,CD player,485,0.13555839657783508,cassette player,482,0.09870433807373047,cassette,481,0.0389535129070282,radio,754,0.026987804099917412
