case_number,category_top1,index_top1,scores_top1,category_top2,index_top2,scores_top2,category_top3,index_top3,scores_top3,category_top4,index_top4,scores_top4,category_top5,index_top5,scores_top5
0,chain saw,491,0.278533011674881,mountain bike,671,0.02256377972662449,reel,758,0.004115249961614609,ear,998,0.0030147891957312822,ringneck snake,53,0.0025139206554740667
1,chain saw,491,0.37754252552986145,lawn mower,621,0.0022428955417126417,spotlight,818,0.0018845924641937017,pole,733,0.001861965050920844,sandal,774,0.0015910161891952157
2,chain saw,491,0.7838205099105835,lawn mower,621,0.002149856649339199,rule,769,0.0015659807249903679,rain barrel,756,0.0014830805594101548,motor scooter,670,0.0013464734656736255
3,chain saw,491,0.35256722569465637,sea cucumber,329,0.03031444177031517,lawn mower,621,0.027932394295930862,harvester,595,0.0173244159668684,tractor,866,0.004900211934000254
4,chain saw,491,0.282209187746048,power drill,740,0.08122475445270538,cowboy boot,514,0.010582614690065384,carpenter's kit,477,0.009854299947619438,hammer,587,0.008650796487927437
