case_number,category_top1,index_top1,scores_top1,category_top2,index_top2,scores_top2,category_top3,index_top3,scores_top3,category_top4,index_top4,scores_top4,category_top5,index_top5,scores_top5
0,church,497,0.282990425825119,bell cote,442,0.194129079580307,monastery,663,0.040518030524253845,vault,884,0.005790808238089085,altar,406,0.00299728917889297
1,church,497,0.30167660117149353,altar,406,0.2039816677570343,vault,884,0.08999801427125931,monastery,663,0.008780661039054394,organ,687,0.007468649186193943
2,church,497,0.5647371411323547,bell cote,442,0.02872304432094097,monastery,663,0.014569192193448544,vault,884,0.0031013786792755127,tile roof,858,0.0016717326361685991
3,church,497,0.2826662063598633,vault,884,0.11818443983793259,altar,406,0.09157481044530869,organ,687,0.010191879235208035,monastery,663,0.009868291206657887
4,vault,884,0.2487965077161789,church,497,0.21128793060779572,altar,406,0.1338290125131607,monastery,663,0.022455399855971336,organ,687,0.009058953262865543
