case_number,category_top1,index_top1,scores_top1,category_top2,index_top2,scores_top2,category_top3,index_top3,scores_top3,category_top4,index_top4,scores_top4,category_top5,index_top5,scores_top5
0,French horn,566,0.42719513177871704,cornet,513,0.0037903336342424154,trombone,875,0.002515195170417428,oboe,683,0.002105209045112133,bassoon,432,0.001816441654227674
1,French horn,566,0.3649291694164276,cornet,513,0.0034457838628441095,oboe,683,0.002256255829706788,bassoon,432,0.0021208226680755615,electric guitar,546,0.0016968968557193875
2,French horn,566,0.40874961018562317,bassoon,432,0.0017476733773946762,Siamese cat,284,0.0014661712339147925,electric guitar,546,0.001428202260285616,oboe,683,0.001340986113063991
3,French horn,566,0.4958133101463318,rocking chair,765,0.0024682111106812954,coil,506,0.0023656387347728014,vault,884,0.0013279024278745055,bassoon,432,0.0012722595129162073
4,French horn,566,0.49829423427581787,cornet,513,0.006291590631008148,trombone,875,0.003911915235221386,bassoon,432,0.0032046237029135227,oboe,683,0.00237646815367043
