case_number,category_top1,index_top1,scores_top1,category_top2,index_top2,scores_top2,category_top3,index_top3,scores_top3,category_top4,index_top4,scores_top4,category_top5,index_top5,scores_top5
0,garbage truck,569,0.49926045536994934,moving van,675,0.007540693040937185,trailer truck,867,0.005173293873667717,tow truck,864,0.004299216903746128,ambulance,407,0.003947143908590078
1,garbage truck,569,0.25429099798202515,trailer truck,867,0.12488524615764618,freight car,565,0.015064619481563568,snowplow,803,0.01351174060255289,moving van,675,0.007363872602581978
2,garbage truck,569,0.34567373991012573,moving van,675,0.07253621518611908,trailer truck,867,0.009565972723066807,tow truck,864,0.008081167936325073,police van,734,0.004147717263549566
3,garbage truck,569,0.4027838706970215,trailer truck,867,0.01883157715201378,snowplow,803,0.005385524593293667,moving van,675,0.004261509981006384,tow truck,864,0.004134479444473982
4,garbage truck,569,0.25318828225135803,snowplow,803,0.1007004901766777,trailer truck,867,0.012548753060400486,tow truck,864,0.005837257020175457,crane,517,0.003656430169939995
