case_number,category_top1,index_top1,scores_top1,category_top2,index_top2,scores_top2,category_top3,index_top3,scores_top3,category_top4,index_top4,scores_top4,category_top5,index_top5,scores_top5
0,gas pump,571,0.25584569573402405,cash machine,480,0.00929341185837984,vacuum,882,0.004451211541891098,ambulance,407,0.0028823805041611195,lawn mower,621,0.0026932284235954285
1,gas pump,571,0.48285338282585144,vending machine,886,0.0059260292910039425,cash machine,480,0.004724275320768356,parking meter,704,0.004565790761262178,pay-phone,707,0.0027272512670606375
2,gas pump,571,0.23552708327770233,pay-phone,707,0.005958678666502237,parking meter,704,0.005163686815649271,vending machine,886,0.00368642620742321,ashcan,412,0.0031818135175853968
3,gas pump,571,0.36424168944358826,pay-phone,707,0.01629761792719364,cash machine,480,0.011413846164941788,vacuum,882,0.0053285774774849415,water bottle,898,0.0034085253719240427
4,gas pump,571,0.1707320213317871,cash machine,480,0.010459578596055508,pay-phone,707,0.007453790865838528,oystercatcher,143,0.0037501200567930937,minibus,654,0.0029682910535484552
