case_number,category_top1,index_top1,scores_top1,category_top2,index_top2,scores_top2,category_top3,index_top3,scores_top3,category_top4,index_top4,scores_top4,category_top5,index_top5,scores_top5
0,golf ball,574,0.45241203904151917,tennis ball,852,0.0020257269497960806,soccer ball,805,0.0013855752767995,baseball,429,0.0013502244837582111,thimble,855,0.0013064802624285221
1,golf ball,574,0.40133005380630493,tennis ball,852,0.001828921027481556,baseball,429,0.0012172874994575977,soccer ball,805,0.001206671353429556,thimble,855,0.0011860182275995612
2,golf ball,574,0.417488694190979,ping-pong ball,722,0.0033889450132846832,tennis ball,852,0.001555189723148942,thimble,855,0.0012375354999676347,remote control,761,0.0010570278391242027
3,golf ball,574,0.6012658476829529,tennis ball,852,0.0018493991810828447,racket,752,0.0018236873438581824,goblet,572,0.0015096183633431792,microphone,650,0.001370161073282361
4,golf ball,574,0.4318740665912628,leatherback turtle,34,0.0014724615029990673,sidewinder,68,0.0014427108690142632,thatch,853,0.001357375644147396,thimble,855,0.001253650989383459
