case_number,category_top1,index_top1,scores_top1,category_top2,index_top2,scores_top2,category_top3,index_top3,scores_top3,category_top4,index_top4,scores_top4,category_top5,index_top5,scores_top5
0,parachute,701,0.3663341999053955,balloon,417,0.0017342589562758803,airship,405,0.0016375596169382334,kite,21,0.0013090206775814295,swing,843,0.0012983315391466022
1,parachute,701,0.48165956139564514,balloon,417,0.001221657614223659,steel arch bridge,821,0.0012094049016013741,airship,405,0.0011683037737384439,seashore,978,0.0011620571603998542
2,parachute,701,0.1696130931377411,balloon,417,0.0738569125533104,sleeping bag,797,0.029153697192668915,night snake,60,0.007571830879896879,skunk,361,0.004745513200759888
3,parachute,701,0.4294089078903198,promontory,976,0.002513081068173051,alp,970,0.0024353216867893934,seashore,978,0.0021829206962138414,jellyfish,107,0.0019833133555948734
4,parachute,701,0.5134902000427246,balloon,417,0.0012296352069824934,sleeping bag,797,0.0012155957520008087,ballplayer,981,0.0011792299337685108,croquet ball,522,0.001138093532063067
