case_number,category_top1,index_top1,scores_top1,category_top2,index_top2,scores_top2,category_top3,index_top3,scores_top3,category_top4,index_top4,scores_top4,category_top5,index_top5,scores_top5
0,English springer,217,0.18460650742053986,cocker spaniel,219,0.07732488960027695,Great Dane,246,0.06294919550418854,Sussex spaniel,220,0.0180598646402359,standard poodle,267,0.012758384458720684
1,ram,348,0.34518834948539734,Great Dane,246,0.03301107510924339,Cardigan,264,0.029391374439001083,Border collie,232,0.02676182985305786,kelpie,227,0.026464616879820824
2,Great Dane,246,0.19903090596199036,dalmatian,251,0.03700904920697212,English setter,212,0.024666238576173782,llama,355,0.016785601153969765,ram,348,0.01544676162302494
3,cocker spaniel,219,0.1346534937620163,English springer,217,0.10778898000717163,Sussex spaniel,220,0.05127435177564621,English setter,212,0.032057274132966995,Japanese spaniel,152,0.026349833235144615
4,Great Dane,246,0.17313016951084137,dalmatian,251,0.028781449422240257,English springer,217,0.011741920374333858,Sussex spaniel,220,0.0063519845716655254,Cardigan,264,0.005049005150794983
