case_number,category_top1,index_top1,scores_top1,category_top2,index_top2,scores_top2,category_top3,index_top3,scores_top3,category_top4,index_top4,scores_top4,category_top5,index_top5,scores_top5
0,English springer,217,0.35018274188041687,cocker spaniel,219,0.018495900556445122,Brittany spaniel,215,0.012103142216801643,Sussex spaniel,220,0.010493558831512928,Border collie,232,0.008918620645999908
1,dalmatian,251,0.14408844709396362,English springer,217,0.10867315530776978,English setter,212,0.07790885120630264,Great Dane,246,0.01815345697104931,German short-haired pointer,210,0.016426268965005875
2,English springer,217,0.14692164957523346,English setter,212,0.08311359584331512,Brittany spaniel,215,0.022678295150399208,cocker spaniel,219,0.016254238784313202,Great Dane,246,0.008439289405941963
3,English springer,217,0.05890044569969177,English setter,212,0.02804010733962059,Brittany spaniel,215,0.021286461502313614,Great Dane,246,0.020484955981373787,Welsh springer spaniel,218,0.019106425344944
4,bluetick,164,0.1027769148349762,English setter,212,0.10058823972940445,English springer,217,0.05286048725247383,Great Dane,246,0.04125022515654564,German short-haired pointer,210,0.027847157791256905
