case_number,category_top1,index_top1,scores_top1,category_top2,index_top2,scores_top2,category_top3,index_top3,scores_top3,category_top4,index_top4,scores_top4,category_top5,index_top5,scores_top5
0,cassette,481,0.17910459637641907,tape player,848,0.1304781287908554,CD player,485,0.09391172975301743,cassette player,482,0.08178611099720001,radio,754,0.0057027325965464115
1,cassette,481,0.19551433622837067,tape player,848,0.18112047016620636,cassette player,482,0.1477489024400711,CD player,485,0.017013410106301308,radio,754,0.004183067008852959
2,cassette,481,0.2820326089859009,tape player,848,0.1384771317243576,cassette player,482,0.11884580552577972,CD player,485,0.013624787330627441,photocopier,713,0.013276239857077599
3,tape player,848,0.29220980405807495,cassette player,482,0.15308333933353424,CD player,485,0.05851440504193306,cassette,481,0.0339214913547039,radio,754,0.02391560934484005
4,tape player,848,0.2548978626728058,cassette player,482,0.1740424633026123,cassette,481,0.05433917045593262,radio,754,0.01907295547425747,CD player,485,0.01698416844010353
