case_number,category_top1,index_top1,scores_top1,category_top2,index_top2,scores_top2,category_top3,index_top3,scores_top3,category_top4,index_top4,scores_top4,category_top5,index_top5,scores_top5
0,chain saw,491,0.5347780585289001,mountain bike,671,0.011197938583791256,moped,665,0.007040278986096382,jeep,609,0.004004485439509153,stretcher,830,0.0033738226629793644
1,chain saw,491,0.37973275780677795,moped,665,0.010656957514584064,motor scooter,670,0.006982867140322924,power drill,740,0.002750132232904434,crash helmet,518,0.00251685525290668
2,chain saw,491,0.6822124123573303,moped,665,0.0017332888673990965,disk brake,535,0.0014662414323538542,rule,769,0.0014204749604687095,lawn mower,621,0.0013004998909309506
3,chain saw,491,0.53270423412323,swing,843,0.03092571720480919,mountain bike,671,0.018716253340244293,chain,488,0.016791697591543198,crash helmet,518,0.00783290434628725
4,chain saw,491,0.18406052887439728,power drill,740,0.020484616979956627,screwdriver,784,0.011775767430663109,hammer,587,0.009557538665831089,rifle,764,0.008578673005104065
