case_number,category_top1,index_top1,scores_top1,category_top2,index_top2,scores_top2,category_top3,index_top3,scores_top3,category_top4,index_top4,scores_top4,category_top5,index_top5,scores_top5
0,vault,884,0.35946935415267944,church,497,0.19829656183719635,altar,406,0.10643642395734787,monastery,663,0.015505493618547916,organ,687,0.008528990671038628
1,church,497,0.30974823236465454,bell cote,442,0.12863090634346008,monastery,663,0.047581661492586136,vault,884,0.010803017765283585,tile roof,858,0.00233477889560163
2,church,497,0.534946858882904,bell cote,442,0.037096284329891205,monastery,663,0.025088252499699593,vault,884,0.004380940925329924,dome,538,0.0016807426000013947
3,altar,406,0.3044604957103729,vault,884,0.201627716422081,church,497,0.17947699129581451,organ,687,0.012737484648823738,monastery,663,0.007428488694131374
4,vault,884,0.22921058535575867,altar,406,0.14027200639247894,church,497,0.12877343595027924,monastery,663,0.021438296884298325,organ,687,0.015258640982210636
