case_number,category_top1,index_top1,scores_top1,category_top2,index_top2,scores_top2,category_top3,index_top3,scores_top3,category_top4,index_top4,scores_top4,category_top5,index_top5,scores_top5
0,French horn,566,0.5467362403869629,cornet,513,0.0012716853525489569,electric guitar,546,0.001246476313099265,bassoon,432,0.001036676811054349,vault,884,0.0010353366378694773
1,French horn,566,0.5684420466423035,cornet,513,0.018384624272584915,trombone,875,0.0053437985479831696,oboe,683,0.0018608204554766417,sax,776,0.0014409079449251294
2,French horn,566,0.5091456770896912,cornet,513,0.011662171222269535,trombone,875,0.0021972879767417908,oboe,683,0.0011519708205014467,Siamese cat,284,0.001127715571783483
3,French horn,566,0.3546296954154968,cornet,513,0.001863165176473558,bassoon,432,0.0016396869905292988,carpenter's kit,477,0.0014631112571805716,oboe,683,0.0013914130395278335
4,French horn,566,0.6092846989631653,shopping cart,791,0.003504594787955284,electric guitar,546,0.002062664134427905,folding chair,559,0.0013723870506510139,cornet,513,0.0013020391343161464
