case_number,category_top1,index_top1,scores_top1,category_top2,index_top2,scores_top2,category_top3,index_top3,scores_top3,category_top4,index_top4,scores_top4,category_top5,index_top5,scores_top5
0,garbage truck,569,0.5058887004852295,ambulance,407,0.00412653386592865,trailer truck,867,0.003796704113483429,moving van,675,0.00374107644893229,tow truck,864,0.0033307538833469152
1,garbage truck,569,0.613140881061554,trailer truck,867,0.01605289615690708,snowplow,803,0.006508483085781336,moving van,675,0.0030327269341796637,freight car,565,0.0022875505965203047
2,garbage truck,569,0.4180597960948944,moving van,675,0.04319684952497482,trailer truck,867,0.030656110495328903,ambulance,407,0.017552422359585762,police van,734,0.009645743295550346
3,garbage truck,569,0.39093032479286194,tow truck,864,0.013570775277912617,trailer truck,867,0.012478224001824856,snowplow,803,0.004171368665993214,crane,517,0.0022261454723775387
4,garbage truck,569,0.4718058109283447,snowplow,803,0.009540816769003868,tow truck,864,0.0015380452387034893,police van,734,0.001447182148694992,ambulance,407,0.0014318519970402122
