case_number,category_top1,index_top1,scores_top1,category_top2,index_top2,scores_top2,category_top3,index_top3,scores_top3,category_top4,index_top4,scores_top4,category_top5,index_top5,scores_top5
0,gas pump,571,0.47485587000846863,cash machine,480,0.034773532301187515,vending machine,886,0.032355498522520065,parking meter,704,0.016004787757992744,pay-phone,707,0.010457065887749195
1,ashcan,412,0.3220662772655487,parking meter,704,0.06286722421646118,vending machine,886,0.03193425387144089,mailbox,637,0.023343974724411964,cash machine,480,0.0181591734290123
2,gas pump,571,0.05883512645959854,odometer,685,0.041357409209012985,digital watch,531,0.04121318459510803,stopwatch,826,0.028267456218600273,digital clock,530,0.026562897488474846
3,gas pump,571,0.31549087166786194,ashcan,412,0.07320448756217957,turnstile,877,0.018071096390485764,parking meter,704,0.017923830077052116,cash machine,480,0.011641886085271835
4,gas pump,571,0.15701894462108612,vending machine,886,0.1386623978614807,cash machine,480,0.07756296545267105,parking meter,704,0.024618646129965782,pay-phone,707,0.013891194947063923
