case_number,category_top1,index_top1,scores_top1,category_top2,index_top2,scores_top2,category_top3,index_top3,scores_top3,category_top4,index_top4,scores_top4,category_top5,index_top5,scores_top5
0,golf ball,574,0.4482998847961426,tennis ball,852,0.0018077800050377846,thimble,855,0.001681233523413539,soccer ball,805,0.0014233440160751343,lens cap,622,0.0011990091297775507
1,golf ball,574,0.3585185110569,thimble,855,0.0014647620264440775,lycaenid,326,0.0014054132625460625,tennis ball,852,0.0012548048980534077,goblet,572,0.00125055608805269
2,golf ball,574,0.4227279722690582,thimble,855,0.0013478173641487956,tennis ball,852,0.0012837626272812486,radio telescope,755,0.001064456650055945,slug,114,0.001029854640364647
3,golf ball,574,0.34285426139831543,tennis ball,852,0.0020194677636027336,goblet,572,0.0017335803713649511,Weimaraner,178,0.0016624154523015022,Chesapeake Bay retriever,209,0.001621754257939756
4,golf ball,574,0.4184589087963104,thimble,855,0.0015549019444733858,sidewinder,68,0.0014012287138029933,tennis ball,852,0.0012646345421671867,ping-pong ball,722,0.001231327885761857
