case_number,category_top1,index_top1,scores_top1,category_top2,index_top2,scores_top2,category_top3,index_top3,scores_top3,category_top4,index_top4,scores_top4,category_top5,index_top5,scores_top5
0,parachute,701,0.4526740610599518,balloon,417,0.0014299190370365977,bassinet,431,0.001364401075989008,cradle,516,0.0013385300990194082,airship,405,0.0012976238504052162
1,parachute,701,0.5290547609329224,sulphur butterfly,325,0.0011268362868577242,sleeping bag,797,0.0011138382833451033,balloon,417,0.0011049769818782806,flagpole,557,0.0010424425126984715
2,balloon,417,0.3689034581184387,parachute,701,0.14460085332393646,umbrella,879,0.003971959929913282,doormat,539,0.0032410852145403624,golf ball,574,0.002878491533920169
3,parachute,701,0.4072993993759155,sleeping bag,797,0.004654282703995705,jellyfish,107,0.0042123496532440186,balloon,417,0.0017922889674082398,wing,908,0.0015438765985891223
4,parachute,701,0.4521108865737915,hip,989,0.0013051213463768363,wing,908,0.0011335138697177172,warplane,895,0.0010955978650599718,baseball,429,0.001040835166350007
