case_number,category_top1,index_top1,scores_top1,category_top2,index_top2,scores_top2,category_top3,index_top3,scores_top3,category_top4,index_top4,scores_top4,category_top5,index_top5,scores_top5
0,English springer,217,0.09693752229213715,Japanese spaniel,152,0.06297818571329117,Border collie,232,0.030475914478302002,cocker spaniel,219,0.01977718621492386,Pekinese,154,0.018121905624866486
1,English springer,217,0.5979301929473877,cocker spaniel,219,0.01494571752846241,Blenheim spaniel,156,0.012494666501879692,Brittany spaniel,215,0.011226541362702847,English setter,212,0.007959555834531784
2,English springer,217,0.17944703996181488,Border collie,232,0.030495794489979744,Brittany spaniel,215,0.028412505984306335,papillon,157,0.02014031819999218,cocker spaniel,219,0.013447508215904236
3,English springer,217,0.394461452960968,Brittany spaniel,215,0.026135779917240143,English setter,212,0.0072355144657194614,cocker spaniel,219,0.005800237413495779,clumber,216,0.004034205339848995
4,English springer,217,0.23215386271476746,Brittany spaniel,215,0.04522769898176193,borzoi,169,0.036928121000528336,Border collie,232,0.01809755526483059,Shih-Tzu,155,0.017791075631976128
