case_number,category_top1,index_top1,scores_top1,category_top2,index_top2,scores_top2,category_top3,index_top3,scores_top3,category_top4,index_top4,scores_top4,category_top5,index_top5,scores_top5
0,English springer,217,0.35553234815597534,Border collie,232,0.02633817121386528,Brittany spaniel,215,0.014465434476733208,collie,231,0.010177291929721832,cocker spaniel,219,0.008390745148062706
1,English springer,217,0.5604804754257202,Brittany spaniel,215,0.0523700974881649,standard poodle,267,0.008984571322798729,English setter,212,0.008443577215075493,cocker spaniel,219,0.007685326039791107
2,English springer,217,0.5478404760360718,cocker spaniel,219,0.01890840381383896,Border collie,232,0.009862394072115421,Brittany spaniel,215,0.009687297977507114,Welsh springer spaniel,218,0.005342904478311539
3,English springer,217,0.35736382007598877,standard poodle,267,0.047140903770923615,Newfoundland,256,0.020750418305397034,Border collie,232,0.014420950785279274,collie,231,0.013750121928751469
4,English springer,217,0.41450777649879456,Saint Bernard,247,0.033401090651750565,Brittany spaniel,215,0.026981797069311142,English setter,212,0.011575968004763126,Welsh springer spaniel,218,0.010176084004342556
