case_number,category_top1,index_top1,scores_top1,category_top2,index_top2,scores_top2,category_top3,index_top3,scores_top3,category_top4,index_top4,scores_top4,category_top5,index_top5,scores_top5
0,tape player,848,0.2128859907388687,cassette player,482,0.16072237491607666,cassette,481,0.1141870766878128,CD player,485,0.013097384944558144,radio,754,0.0067696827463805676
1,CD player,485,0.1924506574869156,tape player,848,0.13246828317642212,cassette player,482,0.11525790393352509,radio,754,0.07907923310995102,cassette,481,0.032706424593925476
2,tape player,848,0.14652706682682037,CD player,485,0.08448003232479095,cassette player,482,0.08247940242290497,radio,754,0.04850833863019943,cassette,481,0.04250678792595863
3,tape player,848,0.27460670471191406,cassette player,482,0.17884060740470886,CD player,485,0.10720714181661606,cassette,481,0.054932523518800735,radio,754,0.03379305079579353
4,cassette player,482,0.22058995068073273,tape player,848,0.2153562307357788,cassette,481,0.08232670277357101,CD player,485,0.05508233979344368,radio,754,0.01857995241880417
