case_number,category_top1,index_top1,scores_top1,category_top2,index_top2,scores_top2,category_top3,index_top3,scores_top3,category_top4,index_top4,scores_top4,category_top5,index_top5,scores_top5
0,chain saw,491,0.5790761709213257,harvester,595,0.008750028908252716,lawn mower,621,0.0070128547959029675,plow,730,0.006708009168505669,crane,517,0.004788697697222233
1,chain saw,491,0.7376858592033386,plow,730,0.0016919308109208941,crane,517,0.0016592835308983922,park bench,703,0.0012216938193887472,lumbermill,634,0.001176911755464971
2,chain saw,491,0.6844858527183533,lawn mower,621,0.0010376923019066453,hook,600,0.0008906716830097139,harvester,595,0.0007540417136624455,lumbermill,634,0.0006874381215311587
3,chain saw,491,0.5982857942581177,lumbermill,634,0.0019403444603085518,forklift,561,0.001436670427210629,pole,733,0.0012926693307235837,mountain bike,671,0.0012826041784137487
4,chain saw,491,0.43160027265548706,hay,958,0.004611150827258825,thresher,856,0.0023243941832333803,thatch,853,0.0018841719720512629,spotlight,818,0.0015359154203906655
