case_number,category_top1,index_top1,scores_top1,category_top2,index_top2,scores_top2,category_top3,index_top3,scores_top3,category_top4,index_top4,scores_top4,category_top5,index_top5,scores_top5
0,church,497,0.5044052004814148,monastery,663,0.04671447351574898,bell cote,442,0.018340224400162697,vault,884,0.005588706117123365,altar,406,0.0028482875786721706
1,church,497,0.48401346802711487,bell cote,442,0.04298728331923485,monastery,663,0.01634559966623783,vault,884,0.00804731622338295,altar,406,0.002987872576341033
2,church,497,0.4977000653743744,monastery,663,0.04404786229133606,bell cote,442,0.031389232724905014,vault,884,0.0037280309479683638,castle,483,0.0026958035305142403
3,church,497,0.3302501440048218,monastery,663,0.082469642162323,bell cote,442,0.060988958925008774,vault,884,0.009403377771377563,tile roof,858,0.0016836444847285748
4,organ,687,0.14934629201889038,church,497,0.14328517019748688,altar,406,0.12123255431652069,vault,884,0.10416848212480545,monastery,663,0.0043661161325871944
