case_number,category_top1,index_top1,scores_top1,category_top2,index_top2,scores_top2,category_top3,index_top3,scores_top3,category_top4,index_top4,scores_top4,category_top5,index_top5,scores_top5
0,French horn,566,0.43669751286506653,bassoon,432,0.001478745834901929,trombone,875,0.0014358763583004475,electric guitar,546,0.0012399081606417894,cornet,513,0.0012033588718622923
1,French horn,566,0.6103184223175049,trombone,875,0.002933537121862173,cornet,513,0.0027660808991640806,sax,776,0.0018772908952087164,bassoon,432,0.0014927397714927793
2,French horn,566,0.5792038440704346,cornet,513,0.003859948366880417,trombone,875,0.003232152434065938,Bedlington terrier,181,0.0017944147111847997,bassoon,432,0.00167018489446491
3,French horn,566,0.5184386968612671,mixing bowl,659,0.00167457340285182,eel,390,0.0014058641390874982,vault,884,0.0013697769027203321,electric guitar,546,0.0013221087865531445
4,French horn,566,0.6034286618232727,bassoon,432,0.0016042961506173015,vault,884,0.0012644354719668627,mixing bowl,659,0.0011499932734295726,spiny lobster,123,0.0010599726811051369
