case_number,category_top1,index_top1,scores_top1,category_top2,index_top2,scores_top2,category_top3,index_top3,scores_top3,category_top4,index_top4,scores_top4,category_top5,index_top5,scores_top5
0,garbage truck,569,0.5413240790367126,snowplow,803,0.006676928605884314,trailer truck,867,0.005573526956140995,thresher,856,0.004738961346447468,tow truck,864,0.0031903903000056744
1,garbage truck,569,0.4191233813762665,harvester,595,0.0018245960818603635,snowplow,803,0.0017298305174335837,reel,758,0.0016399212181568146,ashcan,412,0.0013748497003689408
2,garbage truck,569,0.5318920612335205,trailer truck,867,0.006405101623386145,tow truck,864,0.004899958148598671,Polaroid camera,732,0.002435954986140132,forklift,561,0.0023741573095321655
3,garbage truck,569,0.4794802665710449,ashcan,412,0.0017211621161550283,moving van,675,0.0011481019901111722,nematode,111,0.0011236302088946104,tiger shark,3,0.0010825830977410078
4,garbage truck,569,0.4804427921772003,snowplow,803,0.004289562348276377,thresher,856,0.001407873467542231,ashcan,412,0.0012170030968263745,oxygen mask,691,0.0012055072002112865
