case_number,category_top1,index_top1,scores_top1,category_top2,index_top2,scores_top2,category_top3,index_top3,scores_top3,category_top4,index_top4,scores_top4,category_top5,index_top5,scores_top5
0,gas pump,571,0.4464239180088043,ashcan,412,0.008383695967495441,parking meter,704,0.004373669158667326,mailbox,637,0.004031273536384106,vending machine,886,0.0025980884674936533
1,gas pump,571,0.4921478033065796,mailbox,637,0.0026449975557625294,refrigerator,760,0.002219683723524213,pay-phone,707,0.002095932839438319,vending machine,886,0.0017998343100771308
2,gas pump,571,0.28902941942214966,ashcan,412,0.002000977285206318,refrigerator,760,0.0019305367022752762,switch,844,0.0017277152510359883,measuring cup,647,0.0014699023449793458
3,gas pump,571,0.4221363663673401,ashcan,412,0.004823215771466494,mailbox,637,0.0020315898582339287,refrigerator,760,0.0014364294474944472,fireboat,554,0.0014313759747892618
4,gas pump,571,0.3025563955307007,vending machine,886,0.0018513905815780163,tow truck,864,0.00161165080498904,fireboat,554,0.0014821680961176753,mailbox,637,0.0014516004594042897
