case_number,category_top1,index_top1,scores_top1,category_top2,index_top2,scores_top2,category_top3,index_top3,scores_top3,category_top4,index_top4,scores_top4,category_top5,index_top5,scores_top5
0,golf ball,574,0.4643932282924652,goblet,572,0.001231303671374917,thimble,855,0.0012086067581549287,water bottle,898,0.0010591219179332256,tennis ball,852,0.001037232461385429
1,golf ball,574,0.41868916153907776,tennis ball,852,0.0015901591395959258,thimble,855,0.0012765059946104884,lens cap,622,0.0011750750709325075,chain,488,0.0011143650626763701
2,golf ball,574,0.48509061336517334,vase,883,0.003869851818308234,pitcher,725,0.0021216049790382385,water jug,899,0.0019311632495373487,thimble,855,0.001836596173234284
3,golf ball,574,0.46810221672058105,tennis ball,852,0.002345288172364235,goblet,572,0.001945674535818398,hog,341,0.0013337685959413648,thimble,855,0.0013218780513852835
4,golf ball,574,0.44225794076919556,thimble,855,0.0018462726147845387,wild boar,342,0.0014097373932600021,wombat,106,0.0013533581513911486,water buffalo,346,0.0011856792261824012
