case_number,category_top1,index_top1,scores_top1,category_top2,index_top2,scores_top2,category_top3,index_top3,scores_top3,category_top4,index_top4,scores_top4,category_top5,index_top5,scores_top5
0,parachute,701,0.5654388070106506,balloon,417,0.0036513146478682756,kite,21,0.0023770674597471952,pelican,144,0.0016979235224425793,seashore,978,0.001565678627230227
1,parachute,701,0.5344750881195068,seashore,978,0.0023967598099261522,umbrella,879,0.002309990581125021,balloon,417,0.0014712130650877953,sandbar,977,0.0011922793928533792
2,parachute,701,0.5666056275367737,valley,979,0.0109805166721344,balloon,417,0.005923965014517307,lakeside,975,0.0025877272710204124,cliff,972,0.0025428615044802427
3,parachute,701,0.5128622651100159,seashore,978,0.0019601525273174047,quill,749,0.0016900600166991353,ant,310,0.001488242531195283,mortarboard,667,0.0012358140666037798
4,parachute,701,0.40475162863731384,seashore,978,0.0032341196201741695,lakeside,975,0.0023993183858692646,flagpole,557,0.0023611271753907204,wing,908,0.0022265545558184385
